[
  {
    "internalName": "hijack-customize-pluginhub",
    "hash": "ca9ddd3a14a1b6033eb6a59da6465f5f72d47af351f6ce0a13d3ee40fb5b38ea",
    "size": 2221,
    "plugins": [
      "ca.arnah.runelite.HijackCustomizePlugin"
    ],
    "displayName": "HiJack Customize PluginHub",
    "description": "",
    "provider": "arnah"
  },
  {
    "internalName": "betterequipmentinspector-6.0.0",
    "hash": "432245fe0f1f6508dbf2857c61d341c66202df07cf676076a2e43bf4d9420c24",
    "size": 11516,
    "plugins": [
      "net.runelite.client.plugins.betterequipmentinspector.BetterEquipmentInspectorPlugin"
    ],
    "displayName": "Better Equipment Inspector",
    "description": "pleae",
    "provider": "betterequipmentinspector"
  },
  {
    "internalName": "inferno-6.0.0",
    "hash": "71ec4d24be77969e75de456c3fa60f34acb6752b5c14c5c739c79d738a4649a0",
    "size": 52509,
    "plugins": [
      "net.runelite.client.plugins.inferno.InfernoPlugin"
    ],
    "displayName": "Inferno Plugin",
    "description": "Hmm.",
    "provider": "inferno"
  },
  {
    "internalName": "gauntletextended-6.0.0",
    "hash": "76927c20b615297664b9769b416e805b4acf3ae1fcef9875d524162dc6fdb8ae",
    "size": 63810,
    "plugins": [
      "net.runelite.client.plugins.gauntletextended.GauntletExtendedPlugin"
    ],
    "displayName": "Gauntlet Extended",
    "description": "Can't seem to get it to work.",
    "provider": "gauntlet"
  },
  {
    "internalName": "vorkath-6.0.0",
    "hash": "709d609a7feef5c1f3a946f76971485f55765606ef3112c4547c32d4f35c6236",
    "size": 23773,
    "plugins": [
      "net.runelite.client.plugins.vorkath.VorkathPlugin"
    ],
    "displayName": "Vorkath",
    "description": "Nope",
    "provider": "vorkath"
  }
]
